variable,count,mean,std,min,25%,50%,75%,max,original
dummy1,1000.0,0.0002905434178862361,0.009509372808134029,-0.028308125261681,-0.006052743668369875,0.00079851182411255,0.006653395779612625,0.0290987398534952,0.0041547848191001
dummy2,1000.0,-4.752178400350776e-05,0.009756397925980676,-0.0303835989788243,-0.006925594831734825,-8.328540054947098e-05,0.006404543277550774,0.0310063080454838,0.0031393637581373
x1,1000.0,0.08233362458913937,3.078936423521532,-9.317186165317636,-1.9753205918749093,0.10384485828266415,2.094706328802032,28.204670540563868,28.204670540563868
x2,1000.0,0.2043380203473221,8.309895837663088,-23.33216130739806,-5.405356822953292,0.24945239954645254,5.727569787127547,75.05052290395125,75.05052290395125
x3,1000.0,0.12187543541453065,1.8978097749387721,-6.350360385065226,-1.1411420551672409,0.08886693946654664,1.325529506188614,17.75436768596022,17.75436768596022
